Title,Call Number,Description,Language,Creator,Provider,Resource Class,Resource Type,Theme,Temporal Coverage,Date Issued,Index Year,Spatial Coverage,Member Of,Geometry,Bounding Box,Rights,Access Rights,Format,Information,Download,Archive Filename,ID,Identifier,Modified,Metadata Version,Suppressed,Index Map,Alternative Title,Publisher,Subject,Is Part Of,License,Documentation,MapServer,IIIF,Manifest
"Voting Wards Milwaukee, Wisconsin 2026",,"This polygon data layer represents the 356 voting wards in the City of Milwaukee, Wisconsin as of September 17, 2026. Attributes identify each ward's aldermanic district and associated polling place and include polling-place address, entrance, accessibility, and parking information. The source portal states that ward redistricting occurs every ten years following the census and that the dataset is refreshed nightly. The source shapefile is projected in NAD27 / Wisconsin South (EPSG:32054).|Original source: <a href=""https://data.milwaukee.gov/dataset/voting-wards"">City of Milwaukee Open Data Portal</a>.",eng,City of Milwaukee Election Commission,American Geographical Society Library – UWM Libraries,Datasets,Polygon data,Boundaries|Society,2026,2026,2026,Milwaukee|Wisconsin|United States,,"ENVELOPE(-88.070958,-87.863748,43.194770,42.920823)","ENVELOPE(-88.070958,-87.863748,43.194770,42.920823)","<a href=""https://uwm.edu/libraries/digital-collections/copyright-digcoll/"">Please see the UWM Libraries statement on Copyright and Digital Collections</a>.|Although this data is being distributed by the American Geographical Society Library at the University of Wisconsin-Milwaukee Libraries, no warranty expressed or implied is made by the University as to the accuracy of the data and related materials. The act of distribution shall not constitute any such warranty, and no responsibility is assumed by the University in the use of this data, or related materials.",Public,Shapefile,https://geodiscovery.uwm.edu/catalog/ark:-77981-gmgsz34tqft,https://geodata.uwm.edu/public/gmgsz34tqft/Milwaukee_VotingWards_2026.zip,Milwaukee_VotingWards_2026.zip,ark:-77981-gmgsz34tqft,ark:/77981/gmgsz34tqft,,Aardvark,false,,,City of Milwaukee Election Commission,Voting districts|Polling places|Elections,,http://www.opendefinition.org/licenses/cc-by,,https://milwaukeemaps.milwaukee.gov/arcgis/rest/services/election/election_wards/MapServer/1,,
"Polling Places Milwaukee, Wisconsin 2026",,"This point data layer represents the 187 polling places in the City of Milwaukee, Wisconsin as of September 17, 2026. Attributes include polling-place name and address and information about entrances, accessibility, and parking. The source portal states that the dataset is refreshed nightly. The source shapefile is projected in NAD27 / Wisconsin South (EPSG:32054).|Original source: <a href=""https://data.milwaukee.gov/dataset/voting-wards"">City of Milwaukee Open Data Portal</a>.",eng,City of Milwaukee Election Commission,American Geographical Society Library – UWM Libraries,Datasets,Point data,Society,2026,2026,2026,Milwaukee|Wisconsin|United States,,"ENVELOPE(-88.061491,-87.875979,43.189996,42.936577)","ENVELOPE(-88.061491,-87.875979,43.189996,42.936577)","<a href=""https://uwm.edu/libraries/digital-collections/copyright-digcoll/"">Please see the UWM Libraries statement on Copyright and Digital Collections</a>.|Although this data is being distributed by the American Geographical Society Library at the University of Wisconsin-Milwaukee Libraries, no warranty expressed or implied is made by the University as to the accuracy of the data and related materials. The act of distribution shall not constitute any such warranty, and no responsibility is assumed by the University in the use of this data, or related materials.",Public,Shapefile,https://geodiscovery.uwm.edu/catalog/ark:-77981-gmgstb2rf24,https://geodata.uwm.edu/public/gmgstb2rf24/Milwaukee_PollingPlaces_2026.zip,Milwaukee_PollingPlaces_2026.zip,ark:-77981-gmgstb2rf24,ark:/77981/gmgstb2rf24,,Aardvark,false,,,City of Milwaukee Election Commission,Polling places|Elections,,http://www.opendefinition.org/licenses/cc-by,,https://milwaukeemaps.milwaukee.gov/arcgis/rest/services/election/election_wards/MapServer/0,,
"Tax Incremental Districts Milwaukee, Wisconsin 2026",,"This polygon data layer represents 135 tax incremental district features in the City of Milwaukee, Wisconsin as of September 17, 2026. Tax Incremental Financing is an economic development tool used by the City to leverage private development investment. Milwaukee has created more than 121 Tax Incremental Districts to support projects ranging from major business and infrastructure investments to neighborhood-scale development. The source portal states that the dataset is refreshed nightly. The source shapefile is projected in NAD27 / Wisconsin South (EPSG:32054).|Original source: <a href=""https://data.milwaukee.gov/dataset/tax-incremental-districts-tid"">City of Milwaukee Open Data Portal</a>.",eng,City of Milwaukee Department of City Development,American Geographical Society Library – UWM Libraries,Datasets,Polygon data,Boundaries|Economy,2026,2026,2026,Milwaukee|Wisconsin|United States,,"ENVELOPE(-88.061157,-87.889186,43.186397,42.945291)","ENVELOPE(-88.061157,-87.889186,43.186397,42.945291)","<a href=""https://uwm.edu/libraries/digital-collections/copyright-digcoll/"">Please see the UWM Libraries statement on Copyright and Digital Collections</a>.|Although this data is being distributed by the American Geographical Society Library at the University of Wisconsin-Milwaukee Libraries, no warranty expressed or implied is made by the University as to the accuracy of the data and related materials. The act of distribution shall not constitute any such warranty, and no responsibility is assumed by the University in the use of this data, or related materials.",Public,Shapefile,https://geodiscovery.uwm.edu/catalog/ark:-77981-gmgspk0p4px,https://geodata.uwm.edu/public/gmgspk0p4px/Milwaukee_TaxIncrementalDistricts_2026.zip,Milwaukee_TaxIncrementalDistricts_2026.zip,ark:-77981-gmgspk0p4px,ark:/77981/gmgspk0p4px,,Aardvark,false,,"Tax Incremental Financing Districts Milwaukee, Wisconsin 2026",City of Milwaukee Department of City Development,Tax increment financing|Economic development|Special districts,,http://www.opendefinition.org/licenses/cc-by,https://city.milwaukee.gov/DCD/BusinessToolbox/bids/TaxIncrementalFinancing,https://milwaukeemaps.milwaukee.gov/arcgis/rest/services/planning/special_districts/MapServer/8,,
"Streetcar Stops Milwaukee, Wisconsin 2026",,"This point data layer represents Milwaukee streetcar stops. The source portal states that the dataset is updated as needed. The source shapefile is projected in NAD27 / Wisconsin South (EPSG:32054).|Original source: <a href=""https://data.milwaukee.gov/dataset/street-car-stops"">City of Milwaukee Open Data Portal</a>.",eng,City of Milwaukee Department of Public Works,American Geographical Society Library – UWM Libraries,Datasets,Point data,Transportation,2026,2026,2026,Milwaukee|Wisconsin|United States,,"ENVELOPE(-87.916173,-87.896348,43.048455,43.034387)","ENVELOPE(-87.916173,-87.896348,43.048455,43.034387)","<a href=""https://uwm.edu/libraries/digital-collections/copyright-digcoll/"">Please see the UWM Libraries statement on Copyright and Digital Collections</a>.|Although this data is being distributed by the American Geographical Society Library at the University of Wisconsin-Milwaukee Libraries, no warranty expressed or implied is made by the University as to the accuracy of the data and related materials. The act of distribution shall not constitute any such warranty, and no responsibility is assumed by the University in the use of this data, or related materials.",Public,Shapefile,https://geodiscovery.uwm.edu/catalog/ark:-77981-gmgsjsxkv9b,https://geodata.uwm.edu/public/gmgsjsxkv9b/Milwaukee_StreetcarStops_2026.zip,Milwaukee_StreetcarStops_2026.zip,ark:-77981-gmgsjsxkv9b,ark:/77981/gmgsjsxkv9b,,Aardvark,false,,,City of Milwaukee Department of Public Works,Streetcar stops|Public transportation,,http://www.opendefinition.org/licenses/cc-by,,https://milwaukeemaps.milwaukee.gov/arcgis/rest/services/DPW/DPW_streetcar/MapServer/0,,
"Streetcar Routes Milwaukee, Wisconsin 2026",,"This line data layer represents the initial 2.1-mile Milwaukee streetcar route connecting the Intermodal Station, Third Ward, East Town, and Lower East Side. The source portal states that the dataset is updated as needed. The source shapefile is projected in NAD27 / Wisconsin South (EPSG:32054).|Original source: <a href=""https://data.milwaukee.gov/dataset/streetcar-route"">City of Milwaukee Open Data Portal</a>.",eng,City of Milwaukee Department of Public Works,American Geographical Society Library – UWM Libraries,Datasets,Line data,Transportation,2026,2026,2026,Milwaukee|Wisconsin|United States,,"ENVELOPE(-87.916120,-87.896274,43.048448,43.034320)","ENVELOPE(-87.916120,-87.896274,43.048448,43.034320)","<a href=""https://uwm.edu/libraries/digital-collections/copyright-digcoll/"">Please see the UWM Libraries statement on Copyright and Digital Collections</a>.|Although this data is being distributed by the American Geographical Society Library at the University of Wisconsin-Milwaukee Libraries, no warranty expressed or implied is made by the University as to the accuracy of the data and related materials. The act of distribution shall not constitute any such warranty, and no responsibility is assumed by the University in the use of this data, or related materials.",Public,Shapefile,https://geodiscovery.uwm.edu/catalog/ark:-77981-gmgsf1vhjxh,https://geodata.uwm.edu/public/gmgsf1vhjxh/Milwaukee_StreetcarRoutes_2026.zip,Milwaukee_StreetcarRoutes_2026.zip,ark:-77981-gmgsf1vhjxh,ark:/77981/gmgsf1vhjxh,,Aardvark,false,,,City of Milwaukee Department of Public Works,Streetcar routes|Public transportation,,http://www.opendefinition.org/licenses/cc-by,,https://milwaukeemaps.milwaukee.gov/arcgis/rest/services/DPW/DPW_streetcar/MapServer/1,,
"Sixteenth Sections Milwaukee, Wisconsin 2026",,"This polygon data layer represents full sixteenth sections within and intersecting the City of Milwaukee corporate boundary. Attributes reference section and township divisions. The source shapefile is projected in NAD27 / Wisconsin South (EPSG:32054).|Original source: <a href=""https://data.milwaukee.gov/dataset/sixteenth-sections"">City of Milwaukee Open Data Portal</a>.",eng,City of Milwaukee Department of Public Works,American Geographical Society Library – UWM Libraries,Datasets,Polygon data,Boundaries,2026,2026,2026,Milwaukee|Wisconsin|United States,,"ENVELOPE(-88.082143,-87.832275,43.199535,42.914507)","ENVELOPE(-88.082143,-87.832275,43.199535,42.914507)","<a href=""https://uwm.edu/libraries/digital-collections/copyright-digcoll/"">Please see the UWM Libraries statement on Copyright and Digital Collections</a>.|Although this data is being distributed by the American Geographical Society Library at the University of Wisconsin-Milwaukee Libraries, no warranty expressed or implied is made by the University as to the accuracy of the data and related materials. The act of distribution shall not constitute any such warranty, and no responsibility is assumed by the University in the use of this data, or related materials.",Public,Shapefile,https://geodiscovery.uwm.edu/catalog/ark:-77981-gmgs98sf8jt,https://geodata.uwm.edu/public/gmgs98sf8jt/Milwaukee_SixteenthSections_2026.zip,Milwaukee_SixteenthSections_2026.zip,ark:-77981-gmgs98sf8jt,ark:/77981/gmgs98sf8jt,,Aardvark,false,,,City of Milwaukee Department of Public Works,Sixteenth sections|Public land survey system,,http://www.opendefinition.org/licenses/cc-by,,https://milwaukeemaps.milwaukee.gov/arcgis/rest/services/reference/City_Sections/MapServer/1,,
"Quarter Sections Milwaukee County, Wisconsin 2026",,"This polygon data layer represents full quarter sections within Milwaukee County. The associated maps show engineering and tax information about parcels within the county and its municipalities. The source portal states that the dataset is updated as needed. The source shapefile is projected in NAD27 / Wisconsin South (EPSG:32054).|Original source: <a href=""https://data.milwaukee.gov/dataset/quarter-sections"">City of Milwaukee Open Data Portal</a>.",eng,City of Milwaukee Department of Public Works,American Geographical Society Library – UWM Libraries,Datasets,Polygon data,Boundaries|Property,2026,2026,2026,Milwaukee|Wisconsin|United States,,"ENVELOPE(-88.082147,-87.832197,43.199535,42.914384)","ENVELOPE(-88.082147,-87.832197,43.199535,42.914384)","<a href=""https://uwm.edu/libraries/digital-collections/copyright-digcoll/"">Please see the UWM Libraries statement on Copyright and Digital Collections</a>.|Although this data is being distributed by the American Geographical Society Library at the University of Wisconsin-Milwaukee Libraries, no warranty expressed or implied is made by the University as to the accuracy of the data and related materials. The act of distribution shall not constitute any such warranty, and no responsibility is assumed by the University in the use of this data, or related materials.",Public,Shapefile,https://geodiscovery.uwm.edu/catalog/ark:-77981-gmgs5hqc054,https://geodata.uwm.edu/public/gmgs5hqc054/MilwaukeeCounty_QuarterSections_2026.zip,MilwaukeeCounty_QuarterSections_2026.zip,ark:-77981-gmgs5hqc054,ark:/77981/gmgs5hqc054,,Aardvark,false,,,City of Milwaukee Department of Public Works,Quarter sections|Public land survey system|Parcels,,http://www.opendefinition.org/licenses/cc-by,https://mapmkeonline.maps.arcgis.com/apps/webappviewer/index.html?id=7bce03a51f274843b5e8908f005ef9d2,https://milwaukeemaps.milwaukee.gov/arcgis/rest/services/reference/City_Sections/MapServer/0,,
"Opportunity Zones Milwaukee, Wisconsin 2026",,"This polygon data layer represents 34 Milwaukee Opportunity Zones. These designated economically challenged communities are part of a federal program providing favorable capital-gains tax treatment for qualifying investments. The source portal states that the dataset is refreshed nightly. The source shapefile is projected in NAD27 / Wisconsin South (EPSG:32054).|Original source: <a href=""https://data.milwaukee.gov/dataset/opportunity-zones"">City of Milwaukee Open Data Portal</a>.",eng,City of Milwaukee Department of City Development,American Geographical Society Library – UWM Libraries,Datasets,Polygon data,Boundaries|Economy,2026,2026,2026,Milwaukee|Wisconsin|United States,,"ENVELOPE(-88.063997,-87.897194,43.192553,42.944701)","ENVELOPE(-88.063997,-87.897194,43.192553,42.944701)","<a href=""https://uwm.edu/libraries/digital-collections/copyright-digcoll/"">Please see the UWM Libraries statement on Copyright and Digital Collections</a>.|Although this data is being distributed by the American Geographical Society Library at the University of Wisconsin-Milwaukee Libraries, no warranty expressed or implied is made by the University as to the accuracy of the data and related materials. The act of distribution shall not constitute any such warranty, and no responsibility is assumed by the University in the use of this data, or related materials.",Public,Shapefile,https://geodiscovery.uwm.edu/catalog/ark:-77981-gmgs1vhhmq4,https://geodata.uwm.edu/public/gmgs1vhhmq4/Milwaukee_OpportunityZones_2026.zip,Milwaukee_OpportunityZones_2026.zip,ark:-77981-gmgs1vhhmq4,ark:/77981/gmgs1vhhmq4,,Aardvark,false,,,City of Milwaukee Department of City Development,Opportunity zones|Economic development|Tax incentives,,http://www.opendefinition.org/licenses/cc-by,https://city.milwaukee.gov/DCD/CityRealEstate/OpportunityZones,https://milwaukeemaps.milwaukee.gov/arcgis/rest/services/AGO/Opportunity_Zones/MapServer/0,,
"Neighborhoods Milwaukee, Wisconsin 2026",,"This polygon data layer represents 190 City of Milwaukee neighborhoods defined through the Department of City Development's Milwaukee Neighborhood Identification Project of 2000. The boundaries consider subdivisions, streets, physical barriers, community participation, housing, historic areas, and residents' opinions. They are not official City boundaries, are not maintained continuously, and are not intended to match neighborhood-organization boundaries. The source shapefile is projected in NAD27 / Wisconsin South (EPSG:32054).|Original source: <a href=""https://data.milwaukee.gov/dataset/neighborhoods"">City of Milwaukee Open Data Portal</a>.",eng,City of Milwaukee Department of City Development,American Geographical Society Library – UWM Libraries,Datasets,Polygon data,Boundaries|Society,2026,2026,2026,Milwaukee|Wisconsin|United States,,"ENVELOPE(-88.070958,-87.863748,43.194770,42.920823)","ENVELOPE(-88.070958,-87.863748,43.194770,42.920823)","<a href=""https://uwm.edu/libraries/digital-collections/copyright-digcoll/"">Please see the UWM Libraries statement on Copyright and Digital Collections</a>.|Although this data is being distributed by the American Geographical Society Library at the University of Wisconsin-Milwaukee Libraries, no warranty expressed or implied is made by the University as to the accuracy of the data and related materials. The act of distribution shall not constitute any such warranty, and no responsibility is assumed by the University in the use of this data, or related materials.",Public,Shapefile,https://geodiscovery.uwm.edu/catalog/ark:-77981-gmgsx3fff42,https://geodata.uwm.edu/public/gmgsx3fff42/Milwaukee_Neighborhoods_2026.zip,Milwaukee_Neighborhoods_2026.zip,ark:-77981-gmgsx3fff42,ark:/77981/gmgsx3fff42,,Aardvark,false,,,City of Milwaukee Department of City Development,Neighborhoods,,http://www.opendefinition.org/licenses/cc-by,,https://milwaukeemaps.milwaukee.gov/arcgis/rest/services/planning/special_districts/MapServer/4,,
"Milwaukee Public School Board Districts Milwaukee, Wisconsin 2026",,"This polygon data layer represents the eight Milwaukee Public Schools board districts as of September 17, 2026. The source portal states that the dataset is refreshed nightly. The source shapefile is projected in NAD27 / Wisconsin South (EPSG:32054).|Original source: <a href=""https://data.milwaukee.gov/dataset/milwaukee-public-school-board-districts"">City of Milwaukee Open Data Portal</a>.",eng,City of Milwaukee Information Technology and Management Division,American Geographical Society Library – UWM Libraries,Datasets,Polygon data,Boundaries|Society,2026,2026,2026,Milwaukee|Wisconsin|United States,,"ENVELOPE(-88.070958,-87.863748,43.194770,42.920823)","ENVELOPE(-88.070958,-87.863748,43.194770,42.920823)","<a href=""https://uwm.edu/libraries/digital-collections/copyright-digcoll/"">Please see the UWM Libraries statement on Copyright and Digital Collections</a>.|Although this data is being distributed by the American Geographical Society Library at the University of Wisconsin-Milwaukee Libraries, no warranty expressed or implied is made by the University as to the accuracy of the data and related materials. The act of distribution shall not constitute any such warranty, and no responsibility is assumed by the University in the use of this data, or related materials.",Public,Shapefile,https://geodiscovery.uwm.edu/catalog/ark:-77981-gmgssbcc4rv,https://geodata.uwm.edu/public/gmgssbcc4rv/Milwaukee_PublicSchoolBoardDistricts_2026.zip,Milwaukee_PublicSchoolBoardDistricts_2026.zip,ark:-77981-gmgssbcc4rv,ark:/77981/gmgssbcc4rv,,Aardvark,false,,,City of Milwaukee Information Technology and Management Division,School board districts|School districts,,http://www.opendefinition.org/licenses/cc-by,https://mps.milwaukee.k12.wi.us/en/District/About-MPS/School-Board/Find-Your-Board-Member.htm,https://milwaukeemaps.milwaukee.gov/arcgis/rest/services/AGO/MPS_School_Districts/MapServer/1,,
"Parcel Polygons Milwaukee, Wisconsin 2026",,"This polygon data layer represents 159,949 current City of Milwaukee tax parcels as of September 17, 2026. The source portal states that the current dataset is refreshed nightly. Each tax key, including each condominium unit, has a record. The source shapefile is projected in NAD27 / Wisconsin South (EPSG:32054).|Original source: <a href=""https://data.milwaukee.gov/dataset/parcel-outlines"">City of Milwaukee Open Data Portal</a>.",eng,City of Milwaukee Information Technology and Management Division,American Geographical Society Library – UWM Libraries,Datasets,Polygon data,Property|Boundaries,2026,2026,2026,Milwaukee|Wisconsin|United States,,"ENVELOPE(-88.070959,-87.863748,43.194770,42.920819)","ENVELOPE(-88.070959,-87.863748,43.194770,42.920819)","<a href=""https://uwm.edu/libraries/digital-collections/copyright-digcoll/"">Please see the UWM Libraries statement on Copyright and Digital Collections</a>.|Although this data is being distributed by the American Geographical Society Library at the University of Wisconsin-Milwaukee Libraries, no warranty expressed or implied is made by the University as to the accuracy of the data and related materials. The act of distribution shall not constitute any such warranty, and no responsibility is assumed by the University in the use of this data, or related materials.",Public,Shapefile,https://geodiscovery.uwm.edu/catalog/ark:-77981-gmgsnk98vcp,https://geodata.uwm.edu/public/gmgsnk98vcp/Milwaukee_Parcels_2026.zip,Milwaukee_Parcels_2026.zip,ark:-77981-gmgsnk98vcp,ark:/77981/gmgsnk98vcp,,Aardvark,false,,,City of Milwaukee Information Technology and Management Division,Parcels|Land ownership|Property taxation,,http://www.opendefinition.org/licenses/cc-by,https://data.milwaukee.gov/dataset/3e238aee-5a21-4e2f-8ae7-803440c5d88a/resource/eb00811b-0e0f-4259-a2e4-c5cbc8d67818/download/mprop_documentation.pdf,https://milwaukeemaps.milwaukee.gov/arcgis/rest/services/property/parcels_mprop/MapServer/2,,
"Parcel Polygons Milwaukee, Wisconsin 2017",,"This polygon data layer is the 2017 historical snapshot of City of Milwaukee tax parcels. Starting in 2009, each tax key, including every condominium unit, has a record. The portal identifies snapshots from December 2011 onward as end-of-year snapshots. The source shapefile is projected in NAD27 / Wisconsin South (EPSG:32054).|Original source: <a href=""https://data.milwaukee.gov/dataset/parcel-outlines"">City of Milwaukee Open Data Portal</a>.",eng,City of Milwaukee Information Technology and Management Division,American Geographical Society Library – UWM Libraries,Datasets,Polygon data,Property|Boundaries,2017,2017,2017,Milwaukee|Wisconsin|United States,,"ENVELOPE(-88.070959,-87.863748,43.194770,42.920819)","ENVELOPE(-88.070959,-87.863748,43.194770,42.920819)","<a href=""https://uwm.edu/libraries/digital-collections/copyright-digcoll/"">Please see the UWM Libraries statement on Copyright and Digital Collections</a>.|Although this data is being distributed by the American Geographical Society Library at the University of Wisconsin-Milwaukee Libraries, no warranty expressed or implied is made by the University as to the accuracy of the data and related materials. The act of distribution shall not constitute any such warranty, and no responsibility is assumed by the University in the use of this data, or related materials.",Public,Shapefile,https://geodiscovery.uwm.edu/catalog/ark:-77981-gmgsht76k00,https://geodata.uwm.edu/public/gmgsht76k00/Milwaukee_Parcels_2017.zip,Milwaukee_Parcels_2017.zip,ark:-77981-gmgsht76k00,ark:/77981/gmgsht76k00,,Aardvark,false,,,City of Milwaukee Information Technology and Management Division,Parcels|Land ownership|Property taxation,,http://www.opendefinition.org/licenses/cc-by,https://data.milwaukee.gov/dataset/3e238aee-5a21-4e2f-8ae7-803440c5d88a/resource/eb00811b-0e0f-4259-a2e4-c5cbc8d67818/download/mprop_documentation.pdf,,,
"Parcel Polygons Milwaukee, Wisconsin 2018",,"This polygon data layer is the 2018 historical snapshot of City of Milwaukee tax parcels. Starting in 2009, each tax key, including every condominium unit, has a record. The portal identifies snapshots from December 2011 onward as end-of-year snapshots. The source shapefile is projected in NAD27 / Wisconsin South (EPSG:32054).|Original source: <a href=""https://data.milwaukee.gov/dataset/parcel-outlines"">City of Milwaukee Open Data Portal</a>.",eng,City of Milwaukee Information Technology and Management Division,American Geographical Society Library – UWM Libraries,Datasets,Polygon data,Property|Boundaries,2018,2018,2018,Milwaukee|Wisconsin|United States,,"ENVELOPE(-88.070959,-87.863748,43.194770,42.920819)","ENVELOPE(-88.070959,-87.863748,43.194770,42.920819)","<a href=""https://uwm.edu/libraries/digital-collections/copyright-digcoll/"">Please see the UWM Libraries statement on Copyright and Digital Collections</a>.|Although this data is being distributed by the American Geographical Society Library at the University of Wisconsin-Milwaukee Libraries, no warranty expressed or implied is made by the University as to the accuracy of the data and related materials. The act of distribution shall not constitute any such warranty, and no responsibility is assumed by the University in the use of this data, or related materials.",Public,Shapefile,https://geodiscovery.uwm.edu/catalog/ark:-77981-gmgsd2548m5,https://geodata.uwm.edu/public/gmgsd2548m5/Milwaukee_Parcels_2018.zip,Milwaukee_Parcels_2018.zip,ark:-77981-gmgsd2548m5,ark:/77981/gmgsd2548m5,,Aardvark,false,,,City of Milwaukee Information Technology and Management Division,Parcels|Land ownership|Property taxation,,http://www.opendefinition.org/licenses/cc-by,https://data.milwaukee.gov/dataset/3e238aee-5a21-4e2f-8ae7-803440c5d88a/resource/eb00811b-0e0f-4259-a2e4-c5cbc8d67818/download/mprop_documentation.pdf,,,
"Parcel Polygons Milwaukee, Wisconsin 2019",,"This polygon data layer is the 2019 historical snapshot of City of Milwaukee tax parcels. Starting in 2009, each tax key, including every condominium unit, has a record. The portal identifies snapshots from December 2011 onward as end-of-year snapshots. The source shapefile is projected in NAD27 / Wisconsin South (EPSG:32054).|Original source: <a href=""https://data.milwaukee.gov/dataset/parcel-outlines"">City of Milwaukee Open Data Portal</a>.",eng,City of Milwaukee Information Technology and Management Division,American Geographical Society Library – UWM Libraries,Datasets,Polygon data,Property|Boundaries,2019,2019,2019,Milwaukee|Wisconsin|United States,,"ENVELOPE(-88.070959,-87.863748,43.194770,42.920819)","ENVELOPE(-88.070959,-87.863748,43.194770,42.920819)","<a href=""https://uwm.edu/libraries/digital-collections/copyright-digcoll/"">Please see the UWM Libraries statement on Copyright and Digital Collections</a>.|Although this data is being distributed by the American Geographical Society Library at the University of Wisconsin-Milwaukee Libraries, no warranty expressed or implied is made by the University as to the accuracy of the data and related materials. The act of distribution shall not constitute any such warranty, and no responsibility is assumed by the University in the use of this data, or related materials.",Public,Shapefile,https://geodiscovery.uwm.edu/catalog/ark:-77981-gmgs893207g,https://geodata.uwm.edu/public/gmgs893207g/Milwaukee_Parcels_2019.zip,Milwaukee_Parcels_2019.zip,ark:-77981-gmgs893207g,ark:/77981/gmgs893207g,,Aardvark,false,,,City of Milwaukee Information Technology and Management Division,Parcels|Land ownership|Property taxation,,http://www.opendefinition.org/licenses/cc-by,https://data.milwaukee.gov/dataset/3e238aee-5a21-4e2f-8ae7-803440c5d88a/resource/eb00811b-0e0f-4259-a2e4-c5cbc8d67818/download/mprop_documentation.pdf,,,
"Parcel Polygons Milwaukee, Wisconsin 2020",,"This polygon data layer is the 2020 historical snapshot of City of Milwaukee tax parcels. Starting in 2009, each tax key, including every condominium unit, has a record. The portal identifies snapshots from December 2011 onward as end-of-year snapshots. The source shapefile is projected in NAD27 / Wisconsin South (EPSG:32054).|Original source: <a href=""https://data.milwaukee.gov/dataset/parcel-outlines"">City of Milwaukee Open Data Portal</a>.",eng,City of Milwaukee Information Technology and Management Division,American Geographical Society Library – UWM Libraries,Datasets,Polygon data,Property|Boundaries,2020,2020,2020,Milwaukee|Wisconsin|United States,,"ENVELOPE(-88.070959,-87.863748,43.194770,42.920819)","ENVELOPE(-88.070959,-87.863748,43.194770,42.920819)","<a href=""https://uwm.edu/libraries/digital-collections/copyright-digcoll/"">Please see the UWM Libraries statement on Copyright and Digital Collections</a>.|Although this data is being distributed by the American Geographical Society Library at the University of Wisconsin-Milwaukee Libraries, no warranty expressed or implied is made by the University as to the accuracy of the data and related materials. The act of distribution shall not constitute any such warranty, and no responsibility is assumed by the University in the use of this data, or related materials.",Public,Shapefile,https://geodiscovery.uwm.edu/catalog/ark:-77981-gmgs4mw6ms2,https://geodata.uwm.edu/public/gmgs4mw6ms2/Milwaukee_Parcels_2020.zip,Milwaukee_Parcels_2020.zip,ark:-77981-gmgs4mw6ms2,ark:/77981/gmgs4mw6ms2,,Aardvark,false,,,City of Milwaukee Information Technology and Management Division,Parcels|Land ownership|Property taxation,,http://www.opendefinition.org/licenses/cc-by,https://data.milwaukee.gov/dataset/3e238aee-5a21-4e2f-8ae7-803440c5d88a/resource/eb00811b-0e0f-4259-a2e4-c5cbc8d67818/download/mprop_documentation.pdf,,,
"Parcel Polygons Milwaukee, Wisconsin 2021",,"This polygon data layer is the 2021 historical snapshot of City of Milwaukee tax parcels. Starting in 2009, each tax key, including every condominium unit, has a record. The portal identifies snapshots from December 2011 onward as end-of-year snapshots. The source shapefile is projected in NAD27 / Wisconsin South (EPSG:32054).|Original source: <a href=""https://data.milwaukee.gov/dataset/parcel-outlines"">City of Milwaukee Open Data Portal</a>.",eng,City of Milwaukee Information Technology and Management Division,American Geographical Society Library – UWM Libraries,Datasets,Polygon data,Property|Boundaries,2021,2021,2021,Milwaukee|Wisconsin|United States,,"ENVELOPE(-88.070959,-87.863748,43.194770,42.920819)","ENVELOPE(-88.070959,-87.863748,43.194770,42.920819)","<a href=""https://uwm.edu/libraries/digital-collections/copyright-digcoll/"">Please see the UWM Libraries statement on Copyright and Digital Collections</a>.|Although this data is being distributed by the American Geographical Society Library at the University of Wisconsin-Milwaukee Libraries, no warranty expressed or implied is made by the University as to the accuracy of the data and related materials. The act of distribution shall not constitute any such warranty, and no responsibility is assumed by the University in the use of this data, or related materials.",Public,Shapefile,https://geodiscovery.uwm.edu/catalog/ark:-77981-gmgs0vt4bdc,https://geodata.uwm.edu/public/gmgs0vt4bdc/Milwaukee_Parcels_2021.zip,Milwaukee_Parcels_2021.zip,ark:-77981-gmgs0vt4bdc,ark:/77981/gmgs0vt4bdc,,Aardvark,false,,,City of Milwaukee Information Technology and Management Division,Parcels|Land ownership|Property taxation,,http://www.opendefinition.org/licenses/cc-by,https://data.milwaukee.gov/dataset/3e238aee-5a21-4e2f-8ae7-803440c5d88a/resource/eb00811b-0e0f-4259-a2e4-c5cbc8d67818/download/mprop_documentation.pdf,,,
"Parcel Polygons Milwaukee, Wisconsin 2022",,"This polygon data layer is the 2022 historical snapshot of City of Milwaukee tax parcels. Starting in 2009, each tax key, including every condominium unit, has a record. The portal identifies snapshots from December 2011 onward as end-of-year snapshots. The source shapefile is projected in NAD27 / Wisconsin South (EPSG:32054).|Original source: <a href=""https://data.milwaukee.gov/dataset/parcel-outlines"">City of Milwaukee Open Data Portal</a>.",eng,City of Milwaukee Information Technology and Management Division,American Geographical Society Library – UWM Libraries,Datasets,Polygon data,Property|Boundaries,2022,2022,2022,Milwaukee|Wisconsin|United States,,"ENVELOPE(-88.070959,-87.863748,43.194770,42.920819)","ENVELOPE(-88.070959,-87.863748,43.194770,42.920819)","<a href=""https://uwm.edu/libraries/digital-collections/copyright-digcoll/"">Please see the UWM Libraries statement on Copyright and Digital Collections</a>.|Although this data is being distributed by the American Geographical Society Library at the University of Wisconsin-Milwaukee Libraries, no warranty expressed or implied is made by the University as to the accuracy of the data and related materials. The act of distribution shall not constitute any such warranty, and no responsibility is assumed by the University in the use of this data, or related materials.",Public,Shapefile,https://geodiscovery.uwm.edu/catalog/ark:-77981-gmgsw3r24ts,https://geodata.uwm.edu/public/gmgsw3r24ts/Milwaukee_Parcels_2022.zip,Milwaukee_Parcels_2022.zip,ark:-77981-gmgsw3r24ts,ark:/77981/gmgsw3r24ts,,Aardvark,false,,,City of Milwaukee Information Technology and Management Division,Parcels|Land ownership|Property taxation,,http://www.opendefinition.org/licenses/cc-by,https://data.milwaukee.gov/dataset/3e238aee-5a21-4e2f-8ae7-803440c5d88a/resource/eb00811b-0e0f-4259-a2e4-c5cbc8d67818/download/mprop_documentation.pdf,,,
"Parcel Polygons Milwaukee, Wisconsin 2023",,"This polygon data layer is the 2023 historical snapshot of City of Milwaukee tax parcels. Starting in 2009, each tax key, including every condominium unit, has a record. The portal identifies snapshots from December 2011 onward as end-of-year snapshots. The source shapefile is projected in NAD27 / Wisconsin South (EPSG:32054).|Original source: <a href=""https://data.milwaukee.gov/dataset/parcel-outlines"">City of Milwaukee Open Data Portal</a>.",eng,City of Milwaukee Information Technology and Management Division,American Geographical Society Library – UWM Libraries,Datasets,Polygon data,Property|Boundaries,2023,2023,2023,Milwaukee|Wisconsin|United States,,"ENVELOPE(-88.070959,-87.863748,43.194770,42.920819)","ENVELOPE(-88.070959,-87.863748,43.194770,42.920819)","<a href=""https://uwm.edu/libraries/digital-collections/copyright-digcoll/"">Please see the UWM Libraries statement on Copyright and Digital Collections</a>.|Although this data is being distributed by the American Geographical Society Library at the University of Wisconsin-Milwaukee Libraries, no warranty expressed or implied is made by the University as to the accuracy of the data and related materials. The act of distribution shall not constitute any such warranty, and no responsibility is assumed by the University in the use of this data, or related materials.",Public,Shapefile,https://geodiscovery.uwm.edu/catalog/ark:-77981-gmgsrbnzvf5,https://geodata.uwm.edu/public/gmgsrbnzvf5/Milwaukee_Parcels_2023.zip,Milwaukee_Parcels_2023.zip,ark:-77981-gmgsrbnzvf5,ark:/77981/gmgsrbnzvf5,,Aardvark,false,,,City of Milwaukee Information Technology and Management Division,Parcels|Land ownership|Property taxation,,http://www.opendefinition.org/licenses/cc-by,https://data.milwaukee.gov/dataset/3e238aee-5a21-4e2f-8ae7-803440c5d88a/resource/eb00811b-0e0f-4259-a2e4-c5cbc8d67818/download/mprop_documentation.pdf,,,
"Parcel Polygons Milwaukee, Wisconsin 2024",,"This polygon data layer is the 2024 historical snapshot of City of Milwaukee tax parcels. Starting in 2009, each tax key, including every condominium unit, has a record. The portal identifies snapshots from December 2011 onward as end-of-year snapshots. The source shapefile is projected in NAD27 / Wisconsin South (EPSG:32054).|Original source: <a href=""https://data.milwaukee.gov/dataset/parcel-outlines"">City of Milwaukee Open Data Portal</a>.",eng,City of Milwaukee Information Technology and Management Division,American Geographical Society Library – UWM Libraries,Datasets,Polygon data,Property|Boundaries,2024,2024,2024,Milwaukee|Wisconsin|United States,,"ENVELOPE(-88.070959,-87.863748,43.194770,42.920819)","ENVELOPE(-88.070959,-87.863748,43.194770,42.920819)","<a href=""https://uwm.edu/libraries/digital-collections/copyright-digcoll/"">Please see the UWM Libraries statement on Copyright and Digital Collections</a>.|Although this data is being distributed by the American Geographical Society Library at the University of Wisconsin-Milwaukee Libraries, no warranty expressed or implied is made by the University as to the accuracy of the data and related materials. The act of distribution shall not constitute any such warranty, and no responsibility is assumed by the University in the use of this data, or related materials.",Public,Shapefile,https://geodiscovery.uwm.edu/catalog/ark:-77981-gmgsmkkwk2g,https://geodata.uwm.edu/public/gmgsmkkwk2g/Milwaukee_Parcels_2024.zip,Milwaukee_Parcels_2024.zip,ark:-77981-gmgsmkkwk2g,ark:/77981/gmgsmkkwk2g,,Aardvark,false,,,City of Milwaukee Information Technology and Management Division,Parcels|Land ownership|Property taxation,,http://www.opendefinition.org/licenses/cc-by,https://data.milwaukee.gov/dataset/3e238aee-5a21-4e2f-8ae7-803440c5d88a/resource/eb00811b-0e0f-4259-a2e4-c5cbc8d67818/download/mprop_documentation.pdf,,,
"Parcel Polygons Milwaukee, Wisconsin 2025",,"This polygon data layer is the 2025 historical snapshot of City of Milwaukee tax parcels. Starting in 2009, each tax key, including every condominium unit, has a record. The portal identifies snapshots from December 2011 onward as end-of-year snapshots. The source shapefile is projected in NAD27 / Wisconsin South (EPSG:32054).|Original source: <a href=""https://data.milwaukee.gov/dataset/parcel-outlines"">City of Milwaukee Open Data Portal</a>.",eng,City of Milwaukee Information Technology and Management Division,American Geographical Society Library – UWM Libraries,Datasets,Polygon data,Property|Boundaries,2025,2025,2025,Milwaukee|Wisconsin|United States,,"ENVELOPE(-88.070959,-87.863748,43.194770,42.920819)","ENVELOPE(-88.070959,-87.863748,43.194770,42.920819)","<a href=""https://uwm.edu/libraries/digital-collections/copyright-digcoll/"">Please see the UWM Libraries statement on Copyright and Digital Collections</a>.|Although this data is being distributed by the American Geographical Society Library at the University of Wisconsin-Milwaukee Libraries, no warranty expressed or implied is made by the University as to the accuracy of the data and related materials. The act of distribution shall not constitute any such warranty, and no responsibility is assumed by the University in the use of this data, or related materials.",Public,Shapefile,https://geodiscovery.uwm.edu/catalog/ark:-77981-gmgsgtht8p8,https://geodata.uwm.edu/public/gmgsgtht8p8/Milwaukee_Parcels_2025.zip,Milwaukee_Parcels_2025.zip,ark:-77981-gmgsgtht8p8,ark:/77981/gmgsgtht8p8,,Aardvark,false,,,City of Milwaukee Information Technology and Management Division,Parcels|Land ownership|Property taxation,,http://www.opendefinition.org/licenses/cc-by,https://data.milwaukee.gov/dataset/3e238aee-5a21-4e2f-8ae7-803440c5d88a/resource/eb00811b-0e0f-4259-a2e4-c5cbc8d67818/download/mprop_documentation.pdf,,,
"Zoning Milwaukee, Wisconsin 2026",,"This polygon data layer represents 148,087 zoning features in the City of Milwaukee, Wisconsin as accessed September 18, 2026. Zoning divides land into districts that regulate permitted land uses and the size, bulk, and placement of buildings. The source portal states that the dataset is refreshed nightly. The source shapefile is projected in NAD27 / Wisconsin South (EPSG:32054).|Original source: <a href=""https://data.milwaukee.gov/dataset/zoning"">City of Milwaukee Open Data Portal</a>.",eng,City of Milwaukee Department of City Development,American Geographical Society Library – UWM Libraries,Datasets,Polygon data,Property,2026,2026,2026,Milwaukee|Wisconsin|United States,,"ENVELOPE(-88.077255,-87.859611,43.194861,42.919583)","ENVELOPE(-88.077255,-87.859611,43.194861,42.919583)","<a href=""https://uwm.edu/libraries/digital-collections/copyright-digcoll/"">Please see the UWM Libraries statement on Copyright and Digital Collections</a>.|Although this data is being distributed by the American Geographical Society Library at the University of Wisconsin-Milwaukee Libraries, no warranty expressed or implied is made by the University as to the accuracy of the data and related materials. The act of distribution shall not constitute any such warranty, and no responsibility is assumed by the University in the use of this data, or related materials.",Public,Shapefile,https://geodiscovery.uwm.edu/catalog/ark:-77981-gmgsc2fr09z,https://geodata.uwm.edu/public/gmgsc2fr09z/Milwaukee_Zoning_2026.zip,Milwaukee_Zoning_2026.zip,ark:-77981-gmgsc2fr09z,ark:/77981/gmgsc2fr09z,,Aardvark,false,,,City of Milwaukee Department of City Development,Zoning|Land use regulation,,http://www.opendefinition.org/licenses/cc-by,https://city.milwaukee.gov/DCD/Planning/PlanningAdministration/Zoning,https://milwaukeemaps.milwaukee.gov/arcgis/rest/services/planning/zoning/MapServer/11,,
"Police Department Squad Areas Milwaukee, Wisconsin 2026",,"This polygon data layer represents the 25 Milwaukee Police Department squad areas as accessed September 18, 2026. The source portal states that the dataset is refreshed nightly. The source shapefile is projected in NAD27 / Wisconsin South (EPSG:32054).|Original source: <a href=""https://data.milwaukee.gov/dataset/milwaukee-police-department-squad-areas"">City of Milwaukee Open Data Portal</a>.",eng,City of Milwaukee Police Department,American Geographical Society Library – UWM Libraries,Datasets,Polygon data,Boundaries|Society,2026,2026,2026,Milwaukee|Wisconsin|United States,,"ENVELOPE(-88.077252,-87.859608,43.194866,42.919580)","ENVELOPE(-88.077252,-87.859608,43.194866,42.919580)","<a href=""https://uwm.edu/libraries/digital-collections/copyright-digcoll/"">Please see the UWM Libraries statement on Copyright and Digital Collections</a>.|Although this data is being distributed by the American Geographical Society Library at the University of Wisconsin-Milwaukee Libraries, no warranty expressed or implied is made by the University as to the accuracy of the data and related materials. The act of distribution shall not constitute any such warranty, and no responsibility is assumed by the University in the use of this data, or related materials.",Public,Shapefile,https://geodiscovery.uwm.edu/catalog/ark:-77981-gmgs7d7wmvz,https://geodata.uwm.edu/public/gmgs7d7wmvz/Milwaukee_PoliceSquadAreas_2026.zip,Milwaukee_PoliceSquadAreas_2026.zip,ark:-77981-gmgs7d7wmvz,ark:/77981/gmgs7d7wmvz,,Aardvark,false,,,City of Milwaukee Police Department,Police districts|Police services|Public safety,,http://www.opendefinition.org/licenses/cc-by,,https://milwaukeemaps.milwaukee.gov/arcgis/rest/services/MPD/MPD_geography/MapServer/1,,
"Police Districts Milwaukee, Wisconsin 2026",,"This polygon data layer represents the seven Milwaukee Police Department districts as accessed September 18, 2026. The source portal states that the dataset is refreshed nightly. The source shapefile is projected in NAD27 / Wisconsin South (EPSG:32054).|Original source: <a href=""https://data.milwaukee.gov/dataset/milwaukee-police-district"">City of Milwaukee Open Data Portal</a>.",eng,City of Milwaukee Police Department,American Geographical Society Library – UWM Libraries,Datasets,Polygon data,Boundaries|Society,2026,2026,2026,Milwaukee|Wisconsin|United States,,"ENVELOPE(-88.077252,-87.859608,43.194866,42.919580)","ENVELOPE(-88.077252,-87.859608,43.194866,42.919580)","<a href=""https://uwm.edu/libraries/digital-collections/copyright-digcoll/"">Please see the UWM Libraries statement on Copyright and Digital Collections</a>.|Although this data is being distributed by the American Geographical Society Library at the University of Wisconsin-Milwaukee Libraries, no warranty expressed or implied is made by the University as to the accuracy of the data and related materials. The act of distribution shall not constitute any such warranty, and no responsibility is assumed by the University in the use of this data, or related materials.",Public,Shapefile,https://geodiscovery.uwm.edu/catalog/ark:-77981-gmgs3n5tbg8,https://geodata.uwm.edu/public/gmgs3n5tbg8/Milwaukee_PoliceDistricts_2026.zip,Milwaukee_PoliceDistricts_2026.zip,ark:-77981-gmgs3n5tbg8,ark:/77981/gmgs3n5tbg8,,Aardvark,false,,,City of Milwaukee Police Department,Police districts|Police services|Public safety,,http://www.opendefinition.org/licenses/cc-by,,https://milwaukeemaps.milwaukee.gov/arcgis/rest/services/MPD/MPD_geography/MapServer/2,,
"Library Service Areas Milwaukee, Wisconsin 2026",,"This polygon data layer represents 13 service areas surrounding Milwaukee Public Library locations as accessed September 18, 2026. The source portal states that the dataset is updated as needed. The source shapefile is projected in NAD27 / Wisconsin South (EPSG:32054).|Original source: <a href=""https://data.milwaukee.gov/dataset/library-service-areas"">City of Milwaukee Open Data Portal</a>.",eng,Milwaukee Public Library,American Geographical Society Library – UWM Libraries,Datasets,Polygon data,Boundaries|Society,2026,2026,2026,Milwaukee|Wisconsin|United States,,"ENVELOPE(-88.071850,-87.859610,43.193748,42.919580)","ENVELOPE(-88.071850,-87.859610,43.193748,42.919580)","<a href=""https://uwm.edu/libraries/digital-collections/copyright-digcoll/"">Please see the UWM Libraries statement on Copyright and Digital Collections</a>.|Although this data is being distributed by the American Geographical Society Library at the University of Wisconsin-Milwaukee Libraries, no warranty expressed or implied is made by the University as to the accuracy of the data and related materials. The act of distribution shall not constitute any such warranty, and no responsibility is assumed by the University in the use of this data, or related materials.",Public,Shapefile,https://geodiscovery.uwm.edu/catalog/ark:-77981-gmgszw3r4w9,https://geodata.uwm.edu/public/gmgszw3r4w9/Milwaukee_LibraryServiceAreas_2026.zip,Milwaukee_LibraryServiceAreas_2026.zip,ark:-77981-gmgszw3r4w9,ark:/77981/gmgszw3r4w9,,Aardvark,false,,,Milwaukee Public Library,Library districts|Libraries|Public services,,http://www.opendefinition.org/licenses/cc-by,,https://milwaukeemaps.milwaukee.gov/arcgis/rest/services/AGO/LibraryServices/MapServer/1,,
"Libraries Milwaukee, Wisconsin 2026",,"This point data layer represents 13 Milwaukee Public Library locations as accessed September 18, 2026. Attributes include branch names, locations, and hours of operation. The source portal states that the dataset is refreshed nightly. The source shapefile is projected in NAD27 / Wisconsin South (EPSG:32054).|Original source: <a href=""https://data.milwaukee.gov/dataset/libraries"">City of Milwaukee Open Data Portal</a>.",eng,Milwaukee Public Library,American Geographical Society Library – UWM Libraries,Datasets,Point data,Location|Society,2026,2026,2026,Milwaukee|Wisconsin|United States,,"ENVELOPE(-88.012903,-87.883508,43.148143,42.972898)","ENVELOPE(-88.012903,-87.883508,43.148143,42.972898)","<a href=""https://uwm.edu/libraries/digital-collections/copyright-digcoll/"">Please see the UWM Libraries statement on Copyright and Digital Collections</a>.|Although this data is being distributed by the American Geographical Society Library at the University of Wisconsin-Milwaukee Libraries, no warranty expressed or implied is made by the University as to the accuracy of the data and related materials. The act of distribution shall not constitute any such warranty, and no responsibility is assumed by the University in the use of this data, or related materials.",Public,Shapefile,https://geodiscovery.uwm.edu/catalog/ark:-77981-gmgsv41nvhh,https://geodata.uwm.edu/public/gmgsv41nvhh/Milwaukee_Libraries_2026.zip,Milwaukee_Libraries_2026.zip,ark:-77981-gmgsv41nvhh,ark:/77981/gmgsv41nvhh,,Aardvark,false,,,Milwaukee Public Library,Libraries|Public facilities|Public services,,http://www.opendefinition.org/licenses/cc-by,,https://milwaukeemaps.milwaukee.gov/arcgis/rest/services/AGO/LibraryServices/MapServer/0,,
"Firehouse Locations Milwaukee, Wisconsin 2026",,"This point data layer represents 31 Milwaukee Fire Department station locations as accessed September 18, 2026. The source portal states that the dataset is refreshed nightly. The source shapefile is projected in NAD27 / Wisconsin South (EPSG:32054).|Original source: <a href=""https://data.milwaukee.gov/dataset/firehouse-locations"">City of Milwaukee Open Data Portal</a>.",eng,City of Milwaukee Fire Department,American Geographical Society Library – UWM Libraries,Datasets,Point data,Utilities|Society,2026,2026,2026,Milwaukee|Wisconsin|United States,,"ENVELOPE(-88.047262,-87.885860,43.171671,42.933444)","ENVELOPE(-88.047262,-87.885860,43.171671,42.933444)","<a href=""https://uwm.edu/libraries/digital-collections/copyright-digcoll/"">Please see the UWM Libraries statement on Copyright and Digital Collections</a>.|Although this data is being distributed by the American Geographical Society Library at the University of Wisconsin-Milwaukee Libraries, no warranty expressed or implied is made by the University as to the accuracy of the data and related materials. The act of distribution shall not constitute any such warranty, and no responsibility is assumed by the University in the use of this data, or related materials.",Public,Shapefile,https://geodiscovery.uwm.edu/catalog/ark:-77981-gmgsqbzkk4d,https://geodata.uwm.edu/public/gmgsqbzkk4d/Milwaukee_Firehouses_2026.zip,Milwaukee_Firehouses_2026.zip,ark:-77981-gmgsqbzkk4d,ark:/77981/gmgsqbzkk4d,,Aardvark,false,,,City of Milwaukee Fire Department,Fire stations|Fire departments|Emergency services,,http://www.opendefinition.org/licenses/cc-by,,https://milwaukeemaps.milwaukee.gov/arcgis/rest/services/MFD/MFD_RiskReduction/MapServer/0,,
"Corporate Boundary Milwaukee, Wisconsin 2026",,"This polygon data layer represents the City of Milwaukee corporate boundary as accessed September 18, 2026. The source portal states that the dataset is updated as needed. The source shapefile is projected in NAD27 / Wisconsin South (EPSG:32054).|Original source: <a href=""https://data.milwaukee.gov/dataset/corporate-boundary"">City of Milwaukee Open Data Portal</a>.",eng,City of Milwaukee Information Technology and Management Division,American Geographical Society Library – UWM Libraries,Datasets,Polygon data,Boundaries,2026,2026,2026,Milwaukee|Wisconsin|United States,,"ENVELOPE(-88.077255,-87.859595,43.194863,42.919581)","ENVELOPE(-88.077255,-87.859595,43.194863,42.919581)","<a href=""https://uwm.edu/libraries/digital-collections/copyright-digcoll/"">Please see the UWM Libraries statement on Copyright and Digital Collections</a>.|Although this data is being distributed by the American Geographical Society Library at the University of Wisconsin-Milwaukee Libraries, no warranty expressed or implied is made by the University as to the accuracy of the data and related materials. The act of distribution shall not constitute any such warranty, and no responsibility is assumed by the University in the use of this data, or related materials.",Public,Shapefile,https://geodiscovery.uwm.edu/catalog/ark:-77981-gmgskkwh8r6,https://geodata.uwm.edu/public/gmgskkwh8r6/Milwaukee_CorporateBoundary_2026.zip,Milwaukee_CorporateBoundary_2026.zip,ark:-77981-gmgskkwh8r6,ark:/77981/gmgskkwh8r6,,Aardvark,false,,,City of Milwaukee Information Technology and Management Division,Municipal boundaries|City limits,,http://www.opendefinition.org/licenses/cc-by,,https://milwaukeemaps.milwaukee.gov/arcgis/rest/services/reference/reference_map/MapServer/7,,
"Neighborhood Strategic Planning Areas Milwaukee, Wisconsin 2026",,"This polygon data layer represents two City of Milwaukee Neighborhood Strategic Planning areas, also identified by the associated service as Neighborhood Revitalization Strategy Areas, as accessed September 18, 2026. The source portal states that the dataset is refreshed nightly. The source shapefile is projected in NAD27 / Wisconsin South (EPSG:32054).|Original source: <a href=""https://data.milwaukee.gov/dataset/neighborhood-strategic-planning-areas-nsp"">City of Milwaukee Open Data Portal</a>.",eng,City of Milwaukee Department of Administration,American Geographical Society Library – UWM Libraries,Datasets,Polygon data,Economy|Property|Society,2026,2026,2026,Milwaukee|Wisconsin|United States,,"ENVELOPE(-88.029972,-87.889669,43.136664,42.991295)","ENVELOPE(-88.029972,-87.889669,43.136664,42.991295)","<a href=""https://uwm.edu/libraries/digital-collections/copyright-digcoll/"">Please see the UWM Libraries statement on Copyright and Digital Collections</a>.|Although this data is being distributed by the American Geographical Society Library at the University of Wisconsin-Milwaukee Libraries, no warranty expressed or implied is made by the University as to the accuracy of the data and related materials. The act of distribution shall not constitute any such warranty, and no responsibility is assumed by the University in the use of this data, or related materials.",Public,Shapefile,https://geodiscovery.uwm.edu/catalog/ark:-77981-gmgsfttf0ch,https://geodata.uwm.edu/public/gmgsfttf0ch/Milwaukee_NeighborhoodStrategicPlanningAreas_2026.zip,Milwaukee_NeighborhoodStrategicPlanningAreas_2026.zip,ark:-77981-gmgsfttf0ch,ark:/77981/gmgsfttf0ch,,Aardvark,false,,"Neighborhood Revitalization Strategy Areas Milwaukee, Wisconsin 2026",City of Milwaukee Department of Administration,Neighborhood planning|Community development|Strategic planning areas,,http://www.opendefinition.org/licenses/cc-by,https://city.milwaukee.gov/CommunityDevelopment310.htm,https://milwaukeemaps.milwaukee.gov/arcgis/rest/services/planning/special_districts/MapServer/21,,
"Business Improvement Districts Milwaukee, Wisconsin 2026",,"This polygon data layer represents 33 City of Milwaukee business improvement districts as accessed September 18, 2026. The source portal states that the dataset is refreshed nightly. The source shapefile is projected in NAD27 / Wisconsin South (EPSG:32054).|Original source: <a href=""https://data.milwaukee.gov/dataset/business-improvement-districts-bid"">City of Milwaukee Open Data Portal</a>.",eng,City of Milwaukee Department of City Development,American Geographical Society Library – UWM Libraries,Datasets,Polygon data,Boundaries|Economy,2026,2026,2026,Milwaukee|Wisconsin|United States,,"ENVELOPE(-88.037514,-87.873217,43.188668,42.919895)","ENVELOPE(-88.037514,-87.873217,43.188668,42.919895)","<a href=""https://uwm.edu/libraries/digital-collections/copyright-digcoll/"">Please see the UWM Libraries statement on Copyright and Digital Collections</a>.|Although this data is being distributed by the American Geographical Society Library at the University of Wisconsin-Milwaukee Libraries, no warranty expressed or implied is made by the University as to the accuracy of the data and related materials. The act of distribution shall not constitute any such warranty, and no responsibility is assumed by the University in the use of this data, or related materials.",Public,Shapefile,https://geodiscovery.uwm.edu/catalog/ark:-77981-gmgsb5mkmxw,https://geodata.uwm.edu/public/gmgsb5mkmxw/Milwaukee_BusinessImprovementDistricts_2026.zip,Milwaukee_BusinessImprovementDistricts_2026.zip,ark:-77981-gmgsb5mkmxw,ark:/77981/gmgsb5mkmxw,,Aardvark,false,,,City of Milwaukee Department of City Development,Business improvement districts|Economic development|Special districts,,http://www.opendefinition.org/licenses/cc-by,https://city.milwaukee.gov/DCD/BusinessToolbox/bids,https://milwaukeemaps.milwaukee.gov/arcgis/rest/services/planning/special_districts/MapServer/3,,
"Aldermanic Districts Milwaukee, Wisconsin 2024",,"This polygon data layer represents the 15 City of Milwaukee aldermanic districts for 2024. The source portal states that district boundaries are revised every ten years. The source shapefile is projected in NAD27 / Wisconsin South (EPSG:32054).|Original source: <a href=""https://data.milwaukee.gov/dataset/aldermanic-districts"">City of Milwaukee Open Data Portal</a>.",eng,City of Milwaukee Election Commission,American Geographical Society Library – UWM Libraries,Datasets,Polygon data,Boundaries|Society,2024,2024,2024,Milwaukee|Wisconsin|United States,,"ENVELOPE(-88.077255,-87.859574,43.194860,42.919580)","ENVELOPE(-88.077255,-87.859574,43.194860,42.919580)","<a href=""https://uwm.edu/libraries/digital-collections/copyright-digcoll/"">Please see the UWM Libraries statement on Copyright and Digital Collections</a>.|Although this data is being distributed by the American Geographical Society Library at the University of Wisconsin-Milwaukee Libraries, no warranty expressed or implied is made by the University as to the accuracy of the data and related materials. The act of distribution shall not constitute any such warranty, and no responsibility is assumed by the University in the use of this data, or related materials.",Public,Shapefile,https://geodiscovery.uwm.edu/catalog/ark:-77981-gmgs6djhbj6,https://geodata.uwm.edu/public/gmgs6djhbj6/Milwaukee_AldermanicDistricts_2024.zip,Milwaukee_AldermanicDistricts_2024.zip,ark:-77981-gmgs6djhbj6,ark:/77981/gmgs6djhbj6,,Aardvark,false,,"Alder Districts Milwaukee, Wisconsin 2024",City of Milwaukee Election Commission,Aldermanic districts|Electoral districts|Local government,,http://www.opendefinition.org/licenses/cc-by,,https://milwaukeemaps.milwaukee.gov/arcgis/rest/services/election/alderman/MapServer/0,,
"Police Stations Milwaukee, Wisconsin 2026",,"This point data layer represents the seven Milwaukee Police Department stations as accessed September 18, 2026. The source portal states that the dataset is updated as needed. The source shapefile is projected in NAD27 / Wisconsin South (EPSG:32054).|Original source: <a href=""https://data.milwaukee.gov/dataset/mpd-stations"">City of Milwaukee Open Data Portal</a>.",eng,City of Milwaukee Police Department,American Geographical Society Library – UWM Libraries,Datasets,Point data,Location|Society,2026,2026,2026,Milwaukee|Wisconsin|United States,,"ENVELOPE(-88.002437,-87.909682,43.118948,42.989876)","ENVELOPE(-88.002437,-87.909682,43.118948,42.989876)","<a href=""https://uwm.edu/libraries/digital-collections/copyright-digcoll/"">Please see the UWM Libraries statement on Copyright and Digital Collections</a>.|Although this data is being distributed by the American Geographical Society Library at the University of Wisconsin-Milwaukee Libraries, no warranty expressed or implied is made by the University as to the accuracy of the data and related materials. The act of distribution shall not constitute any such warranty, and no responsibility is assumed by the University in the use of this data, or related materials.",Public,Shapefile,https://geodiscovery.uwm.edu/catalog/ark:-77981-gmgs2ngf25h,https://geodata.uwm.edu/public/gmgs2ngf25h/Milwaukee_PoliceStations_2026.zip,Milwaukee_PoliceStations_2026.zip,ark:-77981-gmgs2ngf25h,ark:/77981/gmgs2ngf25h,,Aardvark,false,,,City of Milwaukee Police Department,Police stations|Police services|Public safety,,http://www.opendefinition.org/licenses/cc-by,,https://milwaukeemaps.milwaukee.gov/arcgis/rest/services/MPD/MPD_stations/MapServer/0,,
"Police Department Reporting Districts Milwaukee, Wisconsin 2026",,"This polygon data layer represents 7,400 Milwaukee Police Department reporting districts as accessed September 18, 2026. The source portal states that the dataset is updated as needed. The source shapefile is projected in NAD27 / Wisconsin South (EPSG:32054).|Original source: <a href=""https://data.milwaukee.gov/dataset/milwaukee-police-department-reporting-districts"">City of Milwaukee Open Data Portal</a>.",eng,City of Milwaukee Police Department,American Geographical Society Library – UWM Libraries,Datasets,Polygon data,Boundaries|Society,2026,2026,2026,Milwaukee|Wisconsin|United States,,"ENVELOPE(-88.077252,-87.859608,43.194866,42.919580)","ENVELOPE(-88.077252,-87.859608,43.194866,42.919580)","<a href=""https://uwm.edu/libraries/digital-collections/copyright-digcoll/"">Please see the UWM Libraries statement on Copyright and Digital Collections</a>.|Although this data is being distributed by the American Geographical Society Library at the University of Wisconsin-Milwaukee Libraries, no warranty expressed or implied is made by the University as to the accuracy of the data and related materials. The act of distribution shall not constitute any such warranty, and no responsibility is assumed by the University in the use of this data, or related materials.",Public,Shapefile,https://geodiscovery.uwm.edu/catalog/ark:-77981-gmgsxwdbvk2,https://geodata.uwm.edu/public/gmgsxwdbvk2/Milwaukee_PoliceReportingDistricts_2026.zip,Milwaukee_PoliceReportingDistricts_2026.zip,ark:-77981-gmgsxwdbvk2,ark:/77981/gmgsxwdbvk2,,Aardvark,false,,,City of Milwaukee Police Department,Police reporting districts|Police services|Public safety,,http://www.opendefinition.org/licenses/cc-by,,https://milwaukeemaps.milwaukee.gov/arcgis/rest/services/MPD/MPD_geography/MapServer/0,,
"Master Property File (MPROP) Milwaukee, Wisconsin 2026",,"This tabular dataset contains a property assessment record for each of approximately 160,000 properties in the City of Milwaukee, Wisconsin as of September 18, 2026. More than 90 fields describe property ownership, assessment, address, building, land-use, zoning, and administrative characteristics. The TAXKEY field can be used to join MPROP records to the City of Milwaukee Parcel Polygons dataset. The source portal states that MPROP is updated daily. Information for properties not assessed by the City of Milwaukee, including manufacturing and tax-exempt properties, is limited and not maintained.|Original source: <a href=""https://data.milwaukee.gov/dataset/mprop"">City of Milwaukee Open Data Portal</a>.",eng,City of Milwaukee Information Technology and Management Division,American Geographical Society Library – UWM Libraries,Datasets,Tabular data,Property|Economy,2026,2026,2026,Milwaukee|Wisconsin|United States,,"ENVELOPE(-88.077255,-87.859595,43.194863,42.919581)","ENVELOPE(-88.077255,-87.859595,43.194863,42.919581)","<a href=""https://uwm.edu/libraries/digital-collections/copyright-digcoll/"">Please see the UWM Libraries statement on Copyright and Digital Collections</a>.|Although this data is being distributed by the American Geographical Society Library at the University of Wisconsin-Milwaukee Libraries, no warranty expressed or implied is made by the University as to the accuracy of the data and related materials. The act of distribution shall not constitute any such warranty, and no responsibility is assumed by the University in the use of this data, or related materials.",Public,CSV,https://geodiscovery.uwm.edu/catalog/ark:-77981-gmgst4b8k6r,https://geodata.uwm.edu/public/gmgst4b8k6r/Milwaukee_MPROP_2026.csv,Milwaukee_MPROP_2026.csv,ark:-77981-gmgst4b8k6r,ark:/77981/gmgst4b8k6r,,Aardvark,false,,"MPROP Milwaukee, Wisconsin 2026",City of Milwaukee Information Technology and Management Division,Property assessment|Real property|Tax parcels|Buildings|Land use,,http://www.opendefinition.org/licenses/cc-by,https://data.milwaukee.gov/dataset/562ab824-48a5-42cd-b714-87e205e489ba/resource/3d94613b-a1df-4ed1-86d9-d9205925e2ab/download/mprop_fall_2024.pdf,,,
"Master Address Index (MAI) Milwaukee, Wisconsin 2026",,"This tabular dataset contains 334,297 address records for the City of Milwaukee, Wisconsin as of September 18, 2026. It includes address components, mailing information, ZIP code, land-use code, ward, and residential or commercial designation. TAXKEY can be used to join addresses to the City of Milwaukee Parcel Polygons and Master Property File datasets. The source portal states that MAI is updated daily.|Original source: <a href=""https://data.milwaukee.gov/dataset/mai"">City of Milwaukee Open Data Portal</a>.",eng,City of Milwaukee Information Technology and Management Division,American Geographical Society Library – UWM Libraries,Datasets,Tabular data,Location|Property,2026,2026,2026,Milwaukee|Wisconsin|United States,,"ENVELOPE(-88.077255,-87.859595,43.194863,42.919581)","ENVELOPE(-88.077255,-87.859595,43.194863,42.919581)","<a href=""https://uwm.edu/libraries/digital-collections/copyright-digcoll/"">Please see the UWM Libraries statement on Copyright and Digital Collections</a>.|Although this data is being distributed by the American Geographical Society Library at the University of Wisconsin-Milwaukee Libraries, no warranty expressed or implied is made by the University as to the accuracy of the data and related materials. The act of distribution shall not constitute any such warranty, and no responsibility is assumed by the University in the use of this data, or related materials.",Public,CSV,https://geodiscovery.uwm.edu/catalog/ark:-77981-gmgspc868tj,https://geodata.uwm.edu/public/gmgspc868tj/Milwaukee_MAI_2026.csv,Milwaukee_MAI_2026.csv,ark:-77981-gmgspc868tj,ark:/77981/gmgspc868tj,,Aardvark,false,,"MAI Milwaukee, Wisconsin 2026",City of Milwaukee Information Technology and Management Division,Addresses|Tax parcels|Land use|Mailing lists,,http://www.opendefinition.org/licenses/cc-by,https://city.milwaukee.gov/ImageLibrary/Public/GIS/MAI.pdf,,,
"Liquor Licenses Milwaukee, Wisconsin 2026",,"This tabular dataset contains 1,288 City of Milwaukee liquor-license records as of September 18, 2026. Fields describe license effective and expiration dates, corporate and trade names, licensees, premises addresses, license types, capacity, aldermanic and police districts, and tax keys. TAXKEY can be used to join licensed premises to the City of Milwaukee Parcel Polygons and Master Property File datasets. The source portal states that the dataset is refreshed nightly. The associated map service contains active licenses only.|Original source: <a href=""https://data.milwaukee.gov/dataset/liquorlicenses"">City of Milwaukee Open Data Portal</a>.",eng,City of Milwaukee City Clerk License Division,American Geographical Society Library – UWM Libraries,Datasets,Tabular data,Economy|Society,2025-2027,2026,2026,Milwaukee|Wisconsin|United States,,"ENVELOPE(-88.070156,-87.866480,43.180362,42.924599)","ENVELOPE(-88.070156,-87.866480,43.180362,42.924599)","<a href=""https://uwm.edu/libraries/digital-collections/copyright-digcoll/"">Please see the UWM Libraries statement on Copyright and Digital Collections</a>.|Although this data is being distributed by the American Geographical Society Library at the University of Wisconsin-Milwaukee Libraries, no warranty expressed or implied is made by the University as to the accuracy of the data and related materials. The act of distribution shall not constitute any such warranty, and no responsibility is assumed by the University in the use of this data, or related materials.",Public,CSV,https://geodiscovery.uwm.edu/catalog/ark:-77981-gmgsjm640fv,https://geodata.uwm.edu/public/gmgsjm640fv/Milwaukee_LiquorLicenses_2026.csv,Milwaukee_LiquorLicenses_2026.csv,ark:-77981-gmgsjm640fv,ark:/77981/gmgsjm640fv,,Aardvark,false,,,City of Milwaukee City Clerk License Division,Liquor licenses|Alcoholic beverages|Business licenses,,http://www.opendefinition.org/licenses/cc-by,,https://milwaukeemaps.milwaukee.gov/arcgis/rest/services/regulation/license/MapServer/0,,
"Legal Property Descriptions Milwaukee, Wisconsin 2026",,"This tabular dataset contains 159,555 formal legal property descriptions for City of Milwaukee tax keys as of September 18, 2026. RM_TAXKEY corresponds to the parcel tax key and can be used to join the descriptions to the City of Milwaukee Parcel Polygons and Master Property File datasets.|Original source: <a href=""https://data.milwaukee.gov/dataset/legaldescriptions"">City of Milwaukee Open Data Portal</a>.",eng,City of Milwaukee Department of Administration,American Geographical Society Library – UWM Libraries,Datasets,Tabular data,Property,2026,2026,2026,Milwaukee|Wisconsin|United States,,"ENVELOPE(-88.077255,-87.859595,43.194863,42.919581)","ENVELOPE(-88.077255,-87.859595,43.194863,42.919581)","<a href=""https://uwm.edu/libraries/digital-collections/copyright-digcoll/"">Please see the UWM Libraries statement on Copyright and Digital Collections</a>.|Although this data is being distributed by the American Geographical Society Library at the University of Wisconsin-Milwaukee Libraries, no warranty expressed or implied is made by the University as to the accuracy of the data and related materials. The act of distribution shall not constitute any such warranty, and no responsibility is assumed by the University in the use of this data, or related materials.",Public,CSV,https://geodiscovery.uwm.edu/catalog/ark:-77981-gmgsdz08n0c,https://geodata.uwm.edu/public/gmgsdz08n0c/Milwaukee_LegalPropertyDescriptions_2026.csv,Milwaukee_LegalPropertyDescriptions_2026.csv,ark:-77981-gmgsdz08n0c,ark:/77981/gmgsdz08n0c,,Aardvark,false,,,City of Milwaukee Department of Administration,Legal descriptions|Tax parcels|Real property,,http://www.opendefinition.org/licenses/cc-by,,,,
"Tax Delinquent Brownfields Milwaukee, Wisconsin 2026",,"This tabular dataset contains 138 City of Milwaukee properties with unpaid property taxes that the City has chosen not to foreclose upon because initial screening indicates potential environmental contamination, as of September 18, 2026. Fields include tax key, address, zoning, aldermanic district, assessed values, building and lot sizes, and current and past uses. Taxkey can be used to join the records to the City of Milwaukee Parcel Polygons and Master Property File datasets. The source portal states that the dataset is updated quarterly or as needed.|Original source: <a href=""https://data.milwaukee.gov/dataset/environmentaldcd"">City of Milwaukee Open Data Portal</a>.",eng,City of Milwaukee Department of City Development,American Geographical Society Library – UWM Libraries,Datasets,Tabular data,Environment|Property|Economy,2026,2026,2026,Milwaukee|Wisconsin|United States,,"ENVELOPE(-88.077255,-87.859595,43.194863,42.919581)","ENVELOPE(-88.077255,-87.859595,43.194863,42.919581)","<a href=""https://uwm.edu/libraries/digital-collections/copyright-digcoll/"">Please see the UWM Libraries statement on Copyright and Digital Collections</a>.|Although this data is being distributed by the American Geographical Society Library at the University of Wisconsin-Milwaukee Libraries, no warranty expressed or implied is made by the University as to the accuracy of the data and related materials. The act of distribution shall not constitute any such warranty, and no responsibility is assumed by the University in the use of this data, or related materials.",Public,CSV,https://geodiscovery.uwm.edu/catalog/ark:-77981-gmgs95x6bm4,https://geodata.uwm.edu/public/gmgs95x6bm4/Milwaukee_TaxDelinquentBrownfields_2026.csv,Milwaukee_TaxDelinquentBrownfields_2026.csv,ark:-77981-gmgs95x6bm4,ark:/77981/gmgs95x6bm4,,Aardvark,false,,,City of Milwaukee Department of City Development,Brownfields|Tax delinquency|Environmental contamination|Tax parcels,,http://www.opendefinition.org/licenses/cc-by,,,,
"Vacant Buildings Milwaukee, Wisconsin 2026",,"This tabular dataset contains 1,669 City of Milwaukee properties recorded as vacant in the Department of Neighborhood Services Accela system as of September 18, 2026. Fields include the date opened, full address, land-use code, parcel number, improvement value, aldermanic district, ZIP code, census tract, and neighborhood. PARCELNBR can be used as a tax-key join to the City of Milwaukee Parcel Polygons and Master Property File datasets. The source portal states that data are extracted daily and that newly recorded vacancies may take up to 72 hours to appear.|Original source: <a href=""https://data.milwaukee.gov/dataset/accelavacantbuilding"">City of Milwaukee Open Data Portal</a>.",eng,City of Milwaukee Department of Neighborhood Services,American Geographical Society Library – UWM Libraries,Datasets,Tabular data,Property|Society|Structure,2002-2027,2026,2026,Milwaukee|Wisconsin|United States,,"ENVELOPE(-88.077255,-87.859595,43.194863,42.919581)","ENVELOPE(-88.077255,-87.859595,43.194863,42.919581)","<a href=""https://uwm.edu/libraries/digital-collections/copyright-digcoll/"">Please see the UWM Libraries statement on Copyright and Digital Collections</a>.|Although this data is being distributed by the American Geographical Society Library at the University of Wisconsin-Milwaukee Libraries, no warranty expressed or implied is made by the University as to the accuracy of the data and related materials. The act of distribution shall not constitute any such warranty, and no responsibility is assumed by the University in the use of this data, or related materials.",Public,CSV,https://geodiscovery.uwm.edu/catalog/ark:-77981-gmgs5dv427f,https://geodata.uwm.edu/public/gmgs5dv427f/Milwaukee_VacantBuildings_2026.csv,Milwaukee_VacantBuildings_2026.csv,ark:-77981-gmgs5dv427f,ark:/77981/gmgs5dv427f,,Aardvark,false,,,City of Milwaukee Department of Neighborhood Services,Vacant buildings|Tax parcels|Building registration|Neighborhoods,,http://www.opendefinition.org/licenses/cc-by,,,,
"Medication Drop Boxes and Envelope Locations Milwaukee County, Wisconsin 2025",,"This tabular dataset lists 74 medication drop-box and mail-back-envelope locations in Milwaukee County, Wisconsin. The locations provide secure disposal options for unused, unwanted, or expired medications. Records contain municipality and street address. The source portal identifies February 2025 as the most recent update.|Original source: <a href=""https://data.milwaukee.gov/dataset/drug-drop-off-sites"">City of Milwaukee Open Data Portal</a>.",eng,City of Milwaukee Health Department,American Geographical Society Library – UWM Libraries,Datasets,Tabular data,Health|Location|Society,2025,2025,2025,Milwaukee County|Wisconsin|United States,,"ENVELOPE(-88.082147,-87.832197,43.199535,42.914384)","ENVELOPE(-88.082147,-87.832197,43.199535,42.914384)","<a href=""https://uwm.edu/libraries/digital-collections/copyright-digcoll/"">Please see the UWM Libraries statement on Copyright and Digital Collections</a>.|Although this data is being distributed by the American Geographical Society Library at the University of Wisconsin-Milwaukee Libraries, no warranty expressed or implied is made by the University as to the accuracy of the data and related materials. The act of distribution shall not constitute any such warranty, and no responsibility is assumed by the University in the use of this data, or related materials.",Public,CSV,https://geodiscovery.uwm.edu/catalog/ark:-77981-gmgs1ns1rvr,https://geodata.uwm.edu/public/gmgs1ns1rvr/MilwaukeeCounty_MedicationDropOffSites_2025.csv,MilwaukeeCounty_MedicationDropOffSites_2025.csv,ark:-77981-gmgs1ns1rvr,ark:/77981/gmgs1ns1rvr,,Aardvark,false,,,City of Milwaukee Health Department,Medication disposal|Pharmaceutical waste|Public health facilities,,http://www.opendefinition.org/licenses/cc-by,,,,
"Residential and Commercial Permit Work Data Milwaukee, Wisconsin 2026",,"This tabular dataset contains 16,685 City of Milwaukee residential and commercial permit-work records as of September 18, 2026. Fields include date opened, address, record identifier, permit type and status, issue date, construction cost, building use, and effect on dwelling units. The records include permits issued from 2015 through June 15, 2026, with some cases opened earlier. The source portal states that the dataset is updated monthly.|Original source: <a href=""https://data.milwaukee.gov/dataset/buildingpermits"">City of Milwaukee Open Data Portal</a>.",eng,City of Milwaukee Department of Neighborhood Services,American Geographical Society Library – UWM Libraries,Datasets,Tabular data,Structure|Economy|Property,2015-2026,2026,2026,Milwaukee|Wisconsin|United States,,"ENVELOPE(-88.077255,-87.859595,43.194863,42.919581)","ENVELOPE(-88.077255,-87.859595,43.194863,42.919581)","<a href=""https://uwm.edu/libraries/digital-collections/copyright-digcoll/"">Please see the UWM Libraries statement on Copyright and Digital Collections</a>.|Although this data is being distributed by the American Geographical Society Library at the University of Wisconsin-Milwaukee Libraries, no warranty expressed or implied is made by the University as to the accuracy of the data and related materials. The act of distribution shall not constitute any such warranty, and no responsibility is assumed by the University in the use of this data, or related materials.",Public,CSV,https://geodiscovery.uwm.edu/catalog/ark:-77981-gmgswwpzk8v,https://geodata.uwm.edu/public/gmgswwpzk8v/Milwaukee_BuildingPermits_2026.csv,Milwaukee_BuildingPermits_2026.csv,ark:-77981-gmgswwpzk8v,ark:/77981/gmgswwpzk8v,,Aardvark,false,,"Building Permits Milwaukee, Wisconsin 2026",City of Milwaukee Department of Neighborhood Services,Building permits|Construction|Residential buildings|Commercial buildings,,http://www.opendefinition.org/licenses/cc-by,,,,
